<?xml version="1.0" encoding="UTF-8"?>
<tour start="node1" apprev="21010" hassounds="0" appversion="7.1.11">
  <panorama id="node1">
    <input leveltileurl="tiles/node1/cf_%c/l_%l/c_%x/tile_%y.jpg" width="1472" levelbiashidpi="1.000" height="1472" levelingpitch="0" leveltilesize="510" overlap="1" levelbias="0.400" levelingroll="0">
      <level preload="0" width="1472" height="1472" predecode="0"/>
      <level preload="0" width="736" height="736" predecode="0"/>
      <level preload="1" width="368" height="368" predecode="1"/>
      <preview strip="1" color="0x808080"/>
    </input>
    <view fovmode="2" pannorth="0">
      <start tilt="0" fov="100" pan="0" projection="4"/>
      <flyin tilt="-90" fov="170" pan="0" projection="9"/>
      <min tilt="-90" fovpixel="2" pan="0"/>
      <max fovstereographic="330" scaletofit="1" tilt="90" fov="140" pan="360" fovfisheye="360"/>
    </view>
    <userdata comment="" description="" datetime="10/6/2025 12:08 PM" tags="Downloads|General" info="" longitude="-120.38422555" nodeid="node1" title="DCIM\Camera01\IMG_20251006_120807_00_048.ins" latitude="50.64207462" copyright="" heading="0" source="" customnodeid="" author="">
      <mapcoords x_floorplan_percent="61.4844" y="-0.468292" x="1.08078" mapid="FloorPlan01" y_floorplan_percent="44.4589"/>
    </userdata>
    <hotspots smoothmovement="0" width="180" height="20" wordwrap="1">
      <label borderalpha="1" enabled="1" width="180" textalpha="1" height="20" textcolor="0x000000" background="1" bordercolor="0x000000" wordwrap="1" border="1" backgroundcolor="0xffffff" backgroundalpha="1" borderradius="1"/>
      <polystyle borderalpha="1" handcursor="1" mode="0" backgroundcolor="0x0000ff" backgroundalpha="0.25098" bordercolor="0x0000ff"/>
      <hotspot target="$fwd" tilt="0" description="" title="DCIM\Camera01\IMG_20251007_114106_00_060.ins" skinid="ht_node" id="Point01" distance="34.712" pan="42.1667" url="{node2}"/>
      <hotspot target="$fwd" tilt="0" description="" title="DCIM\Camera01\IMG_20251008_124535_00_069.ins" skinid="ht_node" id="Point02" distance="22.1333" pan="54.9508" url="{node3}"/>
    </hotspots>
    <media/>
    <transition blendtime="1" delay="none" type="crossdissolve" zoomout="0" enabled="1" zoomfov="40" zoomoutpause="1" zoomin="0" softedge="0" blendcolor="0x000000" zoomafterinfov="140" zoomafteroutfov="40" zoomspeed="2"/>
    <animation useinautorotation="0" animsequence="Animation01" clipsrandom="0" syncanimationwithvideo="0"/>
    <control hideabout="0" simulatemass="1" speedwheel="1" contextvr="1" contextfullscreen="1" dblclickfullscreen="0" zoomcentercursor="1" lockedkeyboardzoom="0" lockedkeyboard="0" sensitivity="8" lockedmouse="0" lockedwheel="0" rubberband="0" invertcontrol="1" contextprojections="0" invertwheel="0"/>
  </panorama>
  <panorama id="node2">
    <input leveltileurl="tiles/node2/cf_%c/l_%l/c_%x/tile_%y.jpg" width="1472" levelbiashidpi="1.000" height="1472" levelingpitch="0" leveltilesize="510" overlap="1" levelbias="0.400" levelingroll="0">
      <level preload="0" width="1472" height="1472" predecode="0"/>
      <level preload="0" width="736" height="736" predecode="0"/>
      <level preload="1" width="368" height="368" predecode="1"/>
      <preview strip="1" color="0x808080"/>
    </input>
    <view fovmode="2" pannorth="0">
      <start tilt="0" fov="100" pan="0" projection="4"/>
      <flyin tilt="-90" fov="170" pan="0" projection="9"/>
      <min tilt="-90" fovpixel="2" pan="0"/>
      <max fovstereographic="330" scaletofit="1" tilt="90" fov="140" pan="360" fovfisheye="360"/>
    </view>
    <userdata comment="" description="" datetime="10/7/2025 11:41 AM" tags="Downloads|General" info="" longitude="-120.384556" nodeid="node2" title="DCIM\Camera01\IMG_20251007_114106_00_060.ins" latitude="50.642306" copyright="" heading="0" source="" customnodeid="" altitude="836.10" author="">
      <mapcoords x_floorplan_percent="66.1719" y="-0.558929" x="1.16318" mapid="FloorPlan01" y_floorplan_percent="53.0639"/>
    </userdata>
    <hotspots smoothmovement="0" width="180" height="20" wordwrap="1">
      <label borderalpha="1" enabled="1" width="180" textalpha="1" height="20" textcolor="0x000000" background="1" bordercolor="0x000000" wordwrap="1" border="1" backgroundcolor="0xffffff" backgroundalpha="1" borderradius="1"/>
      <polystyle borderalpha="1" handcursor="1" mode="0" backgroundcolor="0x0000ff" backgroundalpha="0.25098" bordercolor="0x0000ff"/>
      <hotspot target="$fwd" tilt="0" description="" title="DCIM\Camera01\IMG_20251006_120807_00_048.ins" skinid="ht_node" id="Point01" distance="34.712" pan="-137.833" url="{node1}"/>
    </hotspots>
    <media/>
    <transition blendtime="1" delay="none" type="crossdissolve" zoomout="0" enabled="1" zoomfov="40" zoomoutpause="1" zoomin="0" softedge="0" blendcolor="0x000000" zoomafterinfov="140" zoomafteroutfov="40" zoomspeed="2"/>
    <animation useinautorotation="0" animsequence="Animation01" clipsrandom="0" syncanimationwithvideo="0"/>
    <control hideabout="0" simulatemass="1" speedwheel="1" contextvr="1" contextfullscreen="1" dblclickfullscreen="0" zoomcentercursor="1" lockedkeyboardzoom="0" lockedkeyboard="0" sensitivity="8" lockedmouse="0" lockedwheel="0" rubberband="0" invertcontrol="1" contextprojections="0" invertwheel="0"/>
  </panorama>
  <panorama id="node3">
    <input leveltileurl="tiles/node3/cf_%c/l_%l/c_%x/tile_%y.jpg" width="1472" levelbiashidpi="1.000" height="1472" levelingpitch="0" leveltilesize="510" overlap="1" levelbias="0.400" levelingroll="0">
      <level preload="0" width="1472" height="1472" predecode="0"/>
      <level preload="0" width="736" height="736" predecode="0"/>
      <level preload="1" width="368" height="368" predecode="1"/>
      <preview strip="1" color="0x808080"/>
    </input>
    <view fovmode="2" pannorth="0">
      <start tilt="0" fov="100" pan="0" projection="4"/>
      <flyin tilt="-90" fov="170" pan="0" projection="9"/>
      <min tilt="-90" fovpixel="2" pan="0"/>
      <max fovstereographic="330" scaletofit="1" tilt="90" fov="140" pan="360" fovfisheye="360"/>
    </view>
    <userdata comment="" description="" datetime="10/8/2025 12:45 PM" tags="Downloads|General" info="" longitude="-120.38448251" nodeid="node3" title="DCIM\Camera01\IMG_20251008_124535_00_069.ins" latitude="50.64218893" copyright="" heading="0" source="" customnodeid="" author="">
      <mapcoords x_floorplan_percent="50.8594" y="-0.440826" x="0.894012" mapid="FloorPlan01" y_floorplan_percent="41.8514"/>
    </userdata>
    <hotspots smoothmovement="0" width="180" height="20" wordwrap="1">
      <label borderalpha="1" enabled="1" width="180" textalpha="1" height="20" textcolor="0x000000" background="1" bordercolor="0x000000" wordwrap="1" border="1" backgroundcolor="0xffffff" backgroundalpha="1" borderradius="1"/>
      <polystyle borderalpha="1" handcursor="1" mode="0" backgroundcolor="0x0000ff" backgroundalpha="0.25098" bordercolor="0x0000ff"/>
      <hotspot target="$fwd" tilt="0" description="" title="DCIM\Camera01\IMG_20251006_120807_00_048.ins" skinid="ht_node" id="Point01" distance="22.1333" pan="-125.049" url="{node1}"/>
    </hotspots>
    <media/>
    <transition blendtime="1" delay="none" type="crossdissolve" zoomout="0" enabled="1" zoomfov="40" zoomoutpause="1" zoomin="0" softedge="0" blendcolor="0x000000" zoomafterinfov="140" zoomafteroutfov="40" zoomspeed="2"/>
    <animation useinautorotation="0" animsequence="Animation01" clipsrandom="0" syncanimationwithvideo="0"/>
    <control hideabout="0" simulatemass="1" speedwheel="1" contextvr="1" contextfullscreen="1" dblclickfullscreen="0" zoomcentercursor="1" lockedkeyboardzoom="0" lockedkeyboard="0" sensitivity="8" lockedmouse="0" lockedwheel="0" rubberband="0" invertcontrol="1" contextprojections="0" invertwheel="0"/>
  </panorama>
  <masternode>
    <userdata copyright="" comment="" description="" tags="" title="" author=""/>
    <animationsequences>
      <sequence title="Animation01"/>
    </animationsequences>
  </masternode>
  <map type="file" width="1280" floorplannorth="0" height="767" title="Site Plan" crispedges="0" bgcolor="rgba(255, 255, 255, 1)" tileformat="jpg" id="FloorPlan01" transparent="0" index="0" zoomlevels="1"/>
</tour>
